action,action_id,audit_method,controller_trace_hash,core_episode_id,failure_mode,plan_id,source_episode_id,step_idx,trace_consistent,y_exec
move_to,b617f98542a94ddc8a3fb7d3264de212:1:1,deterministic_controller_trace_reconstruction,04c1c6577d6f8ebbd159d3541455b66ace7742104c9b336830f95a2c32322c08,hard-32-smelt_iron_ingot--core-seed-11001,none,86348e59187d42bba4e1eee9df397270,hard-32-smelt_iron_ingot--seed-12021,3,True,1
craft,1fb9204478e14a5281f993c0496d4f7f:0:1,deterministic_controller_trace_reconstruction,1778edbc4b58bff7bf3169d37a967b25b85595d1940380be9e2b696161de45da,hard-35-craft_iron_pickaxe--core-seed-11001,none,061fedb06d5b431cb97a180a7169b074,hard-35-craft_iron_pickaxe--seed-12011,1,True,1
mine,0352f2d2c452437f9e72d18cad5bea44:2:3,deterministic_controller_trace_reconstruction,9b0e4937023d2cf5dace3e0934e9637ba86429ed7d17bbd23a214f1d5fcff397,complex-41-obtain_diamond--core-seed-11001,none,3e248070b7974e24bf0e623d8e119cb0,complex-41-obtain_diamond--seed-11006,17,True,1
mine,2e3ac78ecf574f0ea30f44cdfc8f5940:2:6,deterministic_controller_trace_reconstruction,21f81f994859add0b0a60cac8c833436d38ed21f460ffd23494299fdf97e24b0,complex-41-obtain_diamond--core-seed-11002,none,76e3e98be4c34d7db79fd943f098fb6b,complex-41-obtain_diamond--seed-13003-rerun1,19,True,1
find,302846e1f7cc447f8a4bce923fd964a0:0:1,deterministic_controller_trace_reconstruction,df6fd6298ac49a3e65324736ad4adae8db9eeb73808351ceee26aa719abc267e,hard-35-craft_iron_pickaxe--core-seed-11001,none,d27d2b04c40d4815a584e5e7901bbc90,hard-35-craft_iron_pickaxe--seed-12011,22,True,1
move_to,448ed04e33184b9b8e3bbf4b7c8a869d:1:1,deterministic_controller_trace_reconstruction,b9964d3eec455a677fe39ef9c21c455873ac9b1b9656b4911345cc07982c5924,basic-05-mine_dirt--core-seed-11001,none,33d637ba60c84ddd909fd32cd2a05b0c,basic-05-mine_dirt--seed-11001,1,True,1
move_to,1dd0b3aa918a4704bc8c58f6a1e8f25c:1:7,deterministic_controller_trace_reconstruction,58880484a17e2c664b0bf91e2a0032cf98b2cc538db8955ffc4b6044a3d38358,complex-41-obtain_diamond--core-seed-11002,none,40afc7bbbc994b07af87afa5096c419b,complex-41-obtain_diamond--seed-13003-rerun1,38,True,1
craft,d26e69ce2a094f1a8f53ca10b9e9ddf0:0:1,deterministic_controller_trace_reconstruction,aa729d1c3fb2a1557e7feb45a7b6b0e3c63428b0e777e5a662015318396e9726,hard-32-smelt_iron_ingot--core-seed-11002,unknown,7e4446d660a540f5a416b100cf23697a,hard-32-smelt_iron_ingot--seed-12022,3,True,0
equip,ad36eb148e2340558df8bb332c7bb363:0:1,deterministic_controller_trace_reconstruction,df6fd6298ac49a3e65324736ad4adae8db9eeb73808351ceee26aa719abc267e,hard-35-craft_iron_pickaxe--core-seed-11001,none,d27d2b04c40d4815a584e5e7901bbc90,hard-35-craft_iron_pickaxe--seed-12011,20,True,1
mine,7457e2a55b044f27a111ed6cbb69c169:2:2,deterministic_controller_trace_reconstruction,b88e12e984b3257a3beb764843b26b52c571630c413390381a40df1d6b5a4344,complex-43-craft_dropper--core-seed-11001,none,13eba6f87eca43b795998afc21bf5b13,complex-43-craft_dropper--seed-12005,7,True,1
dig_down,e19b8c4fe84b4f2e9f85cf44237a287a:0:1,deterministic_controller_trace_reconstruction,68030c11d2ea783276c8e6c7aea52fa4157fa484236455de1a799fb0b97bc35b,hard-32-smelt_iron_ingot--core-seed-11002,none,0352bd99a0e64be6b75afe48224dd172,hard-32-smelt_iron_ingot--seed-12022,1,True,1
equip,edd07215f95840419e61cd4f4a739890:0:1,deterministic_controller_trace_reconstruction,3aebfebe0e35b9d10c3a11936042d9dc9c795fb4cbfd0ccec018b9acb32ec4b3,complex-43-craft_dropper--core-seed-11002,none,ad2637f9d8cd4c8793c3773036c8c774,complex-43-craft_dropper--seed-12009,2,True,1
mine,c0140603b23f4077bc17f4b0cd6b976b:2:3,deterministic_controller_trace_reconstruction,528c25f64b68427902b1930f20e953c0078e98e31ecff7868a88f34c6af821d7,hard-32-smelt_iron_ingot--core-seed-11002,none,58c1f2fe8bb243b7aa50aebae46401b2,hard-32-smelt_iron_ingot--seed-12022,17,True,1
mine,6e820727d5de449b8995222629c42f01:2:1,deterministic_controller_trace_reconstruction,618ceac6948540f70ee3df5c2e71d918b22240eef3155c590537898b52b337df,complex-41-obtain_diamond--core-seed-11002,none,b66c9a8b036c4aeb942ec13c96085959,complex-41-obtain_diamond--seed-13003-rerun1,6,True,1
move_to,828364da43cf41658663ebf0e5ff3abd:1:3,deterministic_controller_trace_reconstruction,df6fd6298ac49a3e65324736ad4adae8db9eeb73808351ceee26aa719abc267e,hard-35-craft_iron_pickaxe--core-seed-11001,none,d27d2b04c40d4815a584e5e7901bbc90,hard-35-craft_iron_pickaxe--seed-12011,13,True,1
find,1dd0b3aa918a4704bc8c58f6a1e8f25c:0:7,deterministic_controller_trace_reconstruction,58880484a17e2c664b0bf91e2a0032cf98b2cc538db8955ffc4b6044a3d38358,complex-41-obtain_diamond--core-seed-11002,none,40afc7bbbc994b07af87afa5096c419b,complex-41-obtain_diamond--seed-13003-rerun1,37,True,1
find,d2d3715c17aa4eae812f3fc76a88c254:0:1,deterministic_controller_trace_reconstruction,bcf32dc80b707f335167642f87aaba4ff8741dc2178ae1475dc88e84d29f2e0c,hard-32-smelt_iron_ingot--core-seed-11002,none,7c1d440501ff4a8ba6d024997a9cffae,hard-32-smelt_iron_ingot--seed-12022,2,True,1
craft,438ab183f4234183b836cdb9b2a7eb4f:0:1,deterministic_controller_trace_reconstruction,e9b8200fc5da734ac72b16fd062e5b3cb013302d4f92f092ebc6a010a35776ea,hard-35-craft_iron_pickaxe--core-seed-11002,none,3d5ee7a30c8c4809801bd19c07dce59f,hard-35-craft_iron_pickaxe--seed-12019,2,True,1
move_to,6155a8537bbe4ee89402e140cda2617d:1:3,deterministic_controller_trace_reconstruction,63eb4d2f31c4e6ea86d7026ed9d33471fe41039f843aebdf9d6e01a6aaa27f56,hard-32-smelt_iron_ingot--core-seed-11002,none,4b4ac49b80ca426ba45aa30d81e932b1,hard-32-smelt_iron_ingot--seed-12022,14,True,1
mine,828364da43cf41658663ebf0e5ff3abd:2:1,deterministic_controller_trace_reconstruction,df6fd6298ac49a3e65324736ad4adae8db9eeb73808351ceee26aa719abc267e,hard-35-craft_iron_pickaxe--core-seed-11001,none,d27d2b04c40d4815a584e5e7901bbc90,hard-35-craft_iron_pickaxe--seed-12011,8,True,1
dig_down,33b4b8889c8a45b8a790a2830915d310:0:1,deterministic_controller_trace_reconstruction,dca5fc22e90f6a82376e1b429c4e7786cd9b3de709b9577299f01ffdf37a24a6,complex-41-obtain_diamond--core-seed-11001,none,716049d4836c46218a21244f8a4b3a3e,complex-41-obtain_diamond--seed-11006,3,True,1
mine,6155a8537bbe4ee89402e140cda2617d:2:1,deterministic_controller_trace_reconstruction,63eb4d2f31c4e6ea86d7026ed9d33471fe41039f843aebdf9d6e01a6aaa27f56,hard-32-smelt_iron_ingot--core-seed-11002,none,4b4ac49b80ca426ba45aa30d81e932b1,hard-32-smelt_iron_ingot--seed-12022,9,True,1
dig_down,a20454ea5b53486d9369531857577981:0:1,deterministic_controller_trace_reconstruction,bcf32dc80b707f335167642f87aaba4ff8741dc2178ae1475dc88e84d29f2e0c,hard-32-smelt_iron_ingot--core-seed-11002,none,7c1d440501ff4a8ba6d024997a9cffae,hard-32-smelt_iron_ingot--seed-12022,1,True,1
equip,9569dbfcf4ce4e7396e7ef0e445c9b05:0:1,deterministic_controller_trace_reconstruction,79690e6dc0ca1f2e6bf0881cf0938370809846c83533b0be6bc1e747ca0003ea,complex-41-obtain_diamond--core-seed-11002,none,edd7bb42cfc741fa85c7298a38424841,complex-41-obtain_diamond--seed-13003-rerun1,2,True,1
find,c9c3ede385fc4c9eaa0004a6fd46e4a9:0:1,deterministic_controller_trace_reconstruction,3091acbbaa2501dddda6dd31a29be8bd4769b2433bc4960277ee05632e9fb42d,hard-32-smelt_iron_ingot--core-seed-11002,none,e476c946890d41e68d3765d324c82172,hard-32-smelt_iron_ingot--seed-12022,2,True,1
find,558fc7ea73774a4ab20d1c87b8e7618d:0:3,deterministic_controller_trace_reconstruction,79690e6dc0ca1f2e6bf0881cf0938370809846c83533b0be6bc1e747ca0003ea,complex-41-obtain_diamond--core-seed-11002,none,edd7bb42cfc741fa85c7298a38424841,complex-41-obtain_diamond--seed-13003-rerun1,10,True,1
find,84ca4420e35748eeac001afabf7eb7b0:0:2,deterministic_controller_trace_reconstruction,f7df9df272963a04cd76443b7a858b251176d3535790212b4583018b0385d28d,complex-41-obtain_diamond--core-seed-11002,none,22bcb84747584a259e78bd9b96540bf0,complex-41-obtain_diamond--seed-13003-rerun1,3,True,1
move_to,834ae20eeb4247e3a5937434033ba0b4:0:1,deterministic_controller_trace_reconstruction,12bdbf86d100bdfe3e6429ec63da357b63c3ac7de172f48e1d423cc01792a3bf,hard-35-craft_iron_pickaxe--core-seed-11002,none,28494e4248c54e74b35e08c2aad66db2,hard-35-craft_iron_pickaxe--seed-12019,1,True,1
move_to,950ba3d63a2c4faebc3a4e3c3c67e8b9:1:5,deterministic_controller_trace_reconstruction,dca5fc22e90f6a82376e1b429c4e7786cd9b3de709b9577299f01ffdf37a24a6,complex-41-obtain_diamond--core-seed-11001,none,716049d4836c46218a21244f8a4b3a3e,complex-41-obtain_diamond--seed-11006,17,True,1
craft,faff72ee64ae42c5bff812985ab8219a:0:1,deterministic_controller_trace_reconstruction,b504773da6fdd4f514e2df0fe3d2e10bac0a0f731cb8c04950950c37db503140,hard-32-smelt_iron_ingot--core-seed-11002,none,252729b21e954e2392820176dad50ae6,hard-32-smelt_iron_ingot--seed-12022,1,True,1
